Principal Component,Explained Variance Ratio
PC1,0.2640590221828289
PC2,0.16008665461079072
PC3,0.0920031703244706
